user_id,recency,frequency,monetary
75620,29,2,17.019999504089355
38293,20,1,3.5
90901,0,4,163.48999786376953
24855,23,1,3.7999999523162842
85377,9,4,176.79000163078308
76400,23,1,3.9900000095367432
8377,15,4,157.5
11760,20,4,173.71999788284302
76825,26,2,104.72999763488768
24211,19,1,4.9499998092651367
74008,3,1,4.9499998092651367
72630,7,2,64.46999979019165
41643,1,1,4.9899997711181641
71245,4,1,4.9899997711181641
86812,0,2,14.889999389648436
80504,10,2,153.5
25509,0,3,273.70000457763666
64470,29,2,30.249999046325684
36102,11,4,571.35000276565552
91466,22,2,30.989999771118164
31801,0,2,34.989999771118164
45294,25,3,68.5900011062622
16539,14,1,6.25
24361,25,1,6.369999885559082
33946,24,4,302.45999526977539
58898,25,1,6.7399997711181641
28153,24,4,140.83999681472778
34884,11,1,6.9499998092651367
69274,1,4,176.35000133514404
24438,16,3,95.960000991821289
34215,6,4,158.10000133514404
61472,1,2,66.940000534057617
63358,23,4,177.56000137329102
84596,9,4,240.41000175476074
94492,20,4,155.95999908447266
11012,28,1,7.0
88748,21,2,32.019999980926514
41236,16,3,140.10999774932861
90838,7,1,7.1599998474121085
39240,0,2,57.430001735687256
97883,7,1,7.9000000953674308
30632,26,1,7.9499998092651358
2482,10,2,31.959999561309814
22384,9,2,110.29999971389771
56083,17,1,7.9899997711181632
57429,5,1,7.9899997711181632
97610,26,2,135.98999977111816
33409,8,3,77.980001449584961
94256,14,1,8.0
72122,1,1,8.2700004577636719
53000,11,1,8.5
75370,0,4,200.45000076293945
56298,29,1,8.7100000381469727
40071,25,2,33.869999885559082
26105,16,2,28.949999809265137
40762,27,1,8.9499998092651367
44334,9,2,98.89999675750731
99998,0,1,8.9499998092651367
1213,17,2,36.289999008178711
13330,10,1,8.9899997711181641
31163,2,1,8.9899997711181641
41070,16,1,8.9899997711181641
52482,6,1,8.9899997711181641
53224,23,3,107.93999671936035
57555,25,1,8.9899997711181641
80234,15,4,349.33000373840332
62602,2,2,45.599998474121087
75109,0,2,21.630000114440918
67514,0,2,29.019999504089355
64752,12,2,359.05000019073486
10750,0,2,227.05000591278079
94296,25,1,9.2399997711181641
54733,14,1,9.3100004196167
27786,13,2,171.38000011444092
24243,0,2,31.989999771118164
68274,21,1,9.5
43995,8,1,9.880000114440918
51876,21,1,9.880000114440918
2653,20,3,109.59999752044676
21156,11,1,9.9499998092651367
29971,20,1,9.9499998092651367
89450,26,1,9.9499998092651367
8468,0,1,9.9899997711181641
10412,14,2,58.960000991821289
33921,3,3,49.070000648498535
47550,1,3,529.97999000549316
60313,26,1,9.9899997711181641
75329,1,2,79.9799976348877
75540,25,1,9.9899997711181641
78338,2,2,29.979999542236328
78867,5,1,9.9899997711181641
93479,24,1,9.9899997711181641
99863,0,1,9.9899997711181641
7187,15,4,289.47000503540039
41120,14,1,10.0
46921,25,1,10.0
51832,22,1,10.0
63106,17,4,73.90000057220459
71018,26,1,10.0
77913,16,1,10.0
78895,2,1,10.0
84256,28,2,23.989999771118164
96268,2,1,10.0
97177,24,3,61.989999771118164
99857,14,1,10.0
32995,20,1,10.020000457763672
78647,7,4,314.229998588562
37195,4,2,48.010001182556145
16473,25,1,10.069999694824221
93542,23,1,10.100000381469728
33660,0,1,10.119999885559082
73955,3,1,10.210000038146973
26612,27,3,377.23999977111816
53434,25,1,10.5
59029,23,1,10.5
61514,12,1,10.5
37991,13,4,213.35999965667725
19876,3,1,10.770000457763672
49801,18,1,10.909999847412108
76740,0,1,10.979999542236328
62060,29,1,10.989999771118164
51512,23,1,11.0
11147,0,1,11.100000381469728
29525,9,1,11.140000343322754
76814,11,2,33.530000686645508
34990,8,1,11.279999732971191
89564,2,1,11.399999618530272
52396,9,1,11.539999961853027
2057,0,2,57.550000190734863
25386,27,1,11.569999694824221
7030,23,1,11.729999542236328
56987,0,2,36.789999961853027
20169,1,1,11.899999618530272
8175,9,1,11.9399995803833
91604,7,1,11.979999542236328
36528,13,3,101.97000122070312
56475,22,1,11.989999771118164
56477,7,2,90.44999885559082
58355,11,1,11.989999771118164
66068,7,1,11.989999771118164
66575,3,3,131.57999610900879
74842,19,1,11.989999771118164
75937,7,4,111.92000389099121
93334,28,1,11.989999771118164
95509,19,1,11.989999771118164
937,0,2,43.989999771118164
6516,24,1,12.0
19010,22,2,61.9900016784668
25022,2,2,44.9900016784668
41049,0,2,25.970000267028809
61551,15,3,72.979999542236328
62567,18,4,132.97000312805176
63085,6,1,12.0
68144,28,1,12.0
75589,3,1,12.0
20942,16,2,122.08999824523924
59624,24,2,38.640000343322754
6380,4,2,52.170000076293945
66988,25,2,130.19999980926514
36262,16,2,47.29000186920166
8477,16,4,157.45999717712402
76346,13,1,12.489999771118164
50282,5,1,12.529999732971191
73194,0,2,75.160000801086426
8428,8,1,12.899999618530272
2976,24,4,280.43000030517578
57583,11,1,12.949999809265137
95015,2,1,12.949999809265137
73915,21,1,12.979999542236328
6101,17,3,51.75
36278,2,4,234.94000053405762
38697,12,1,12.989999771118164
39279,11,1,12.989999771118164
39507,1,1,12.989999771118164
43007,5,1,12.989999771118164
47502,10,1,12.989999771118164
54200,19,1,12.989999771118164
66720,27,1,12.989999771118164
72152,26,1,12.989999771118164
80412,16,2,162.98999977111816
83973,16,1,12.989999771118164
85383,9,2,26.340000152587891
88788,19,2,49.079999923706055
91753,5,2,52.210000991821289
94635,2,2,42.979999542236328
98971,15,2,86.489999771118164
15464,0,2,56.9900016784668
78215,5,2,185.0
82333,0,2,82.449996948242188
82437,19,1,13.0
83719,21,1,13.0
94851,6,1,13.0
97993,0,2,85.0
18194,8,2,29.050000190734863
88449,0,1,13.0600004196167
90452,26,1,13.270000457763672
89019,12,1,13.399999618530272
26298,12,1,13.489999771118164
74005,4,2,82.5
95536,10,2,143.49000549316406
99084,4,1,13.5
22627,22,2,101.52999973297119
82966,4,1,13.539999961853027
53628,8,1,13.5600004196167
36900,11,1,13.590000152587892
60069,13,2,73.100000381469727
14240,6,2,41.489998817443848
32051,11,2,81.599997520446777
68598,20,1,13.609999656677246
9294,19,1,13.619999885559082
39624,10,3,49.709999084472656
61117,15,1,13.770000457763672
53600,5,2,51.789999961853027
56143,26,2,55.869999885559082
69302,21,1,13.869999885559082
1754,29,1,13.899999618530272
91307,26,1,13.899999618530272
67459,12,1,13.920000076293944
26132,16,1,13.949999809265137
73575,0,1,13.960000038146973
17809,4,2,98.939996719360337
40549,27,1,13.989999771118164
61650,25,4,94.959999084472656
13993,5,1,14.0
17039,13,1,14.0
24986,5,4,172.0
27370,13,1,14.0
30475,10,4,251.5
40059,13,1,14.0
66559,7,2,213.99000549316409
70179,18,1,14.0
88852,4,1,14.0
47894,14,1,14.079999923706056
39610,18,3,131.11999988555908
3593,5,1,14.170000076293944
43915,15,2,162.23999977111816
39931,28,4,168.96000099182129
79463,6,2,77.960000991821289
75258,27,1,14.5
69228,13,4,140.89000129699707
32772,26,2,69.739999771118164
40296,6,3,103.25999927520752
43494,22,1,14.899999618530272
1134,0,1,14.949999809265137
44364,2,4,165.9399995803833
55347,0,2,64.90000057220459
46905,1,2,30.8799991607666
9092,5,1,14.989999771118164
11387,28,1,14.989999771118164
13873,2,1,14.989999771118164
16233,2,4,124.48999977111816
16562,0,1,14.989999771118164
22865,23,1,14.989999771118164
29145,4,2,36.840000152587891
36790,5,2,173.98999977111816
38226,23,2,54.989999771118164
45296,13,1,14.989999771118164
48093,16,2,124.93999671936037
76738,24,1,14.989999771118164
82745,0,2,31.489999771118164
89677,10,2,62.94000053405761
31453,25,4,237.0
43679,7,1,15.0
48648,15,2,61.0
51184,11,1,15.0
58400,28,1,15.0
60497,9,1,15.0
76808,7,4,189.9799976348877
79091,1,4,92.989999771118164
83706,19,1,15.0
92664,26,1,15.0
97434,18,2,174.0
98252,22,1,15.0
11008,5,1,15.100000381469728
49149,1,1,15.159999847412108
41130,10,2,116.07000350952147
44572,23,4,167.27999973297119
90177,6,1,15.279999732971191
35225,12,1,15.510000228881836
46195,20,4,267.47000026702881
39861,28,1,15.670000076293944
73965,16,1,15.670000076293944
82666,11,1,15.670000076293944
12325,20,1,15.680000305175779
41855,14,2,38.719999313354492
13777,10,1,15.989999771118164
14406,25,1,15.989999771118164
24913,23,1,15.989999771118164
42283,22,2,33.989999771118164
44676,17,4,130.98000144958496
61152,4,1,15.989999771118164
80646,21,1,15.989999771118164
88178,1,2,77.989999771118164
787,29,1,16.0
7877,9,4,297.94999694824219
51064,12,2,80.449996948242188
55895,16,1,16.0
57215,12,1,16.0
81763,0,2,55.9900016784668
91657,15,1,16.0
24063,9,1,16.010000228881836
4117,8,2,181.21999931335449
55359,8,1,16.469999313354492
50957,0,3,341.0
51309,12,1,16.520000457763672
9776,4,3,170.04999923706055
16548,14,1,16.75
99049,1,1,16.75
81947,28,2,96.8899974822998
6545,14,2,85.950000762939453
35287,2,3,127.00000381469727
63047,1,2,91.899997711181626
63781,18,1,16.950000762939453
82417,2,1,16.950000762939453
3172,2,1,16.989999771118164
6064,19,1,16.989999771118164
11772,10,4,238.83999824523926
19594,11,1,16.989999771118164
20142,18,2,45.969999313354492
23435,20,2,106.9799976348877
39345,16,2,36.989999771118164
54048,25,1,16.989999771118164
57640,27,1,16.989999771118164
58475,1,1,16.989999771118164
80109,0,2,255.98999977111816
91914,3,3,75.969999313354492
95094,14,2,114.98999977111816
95841,0,2,38.639999389648438
44857,19,2,48.989999771118164
2521,26,3,133.31000137329102
57134,21,2,147.5
77359,28,3,117.48000335693359
93528,26,1,17.5
9099,5,3,136.55999946594238
49700,25,1,17.75
3667,12,2,132.89999961853027
96521,8,1,17.899999618530273
3202,11,2,51.950000762939453
3836,8,4,176.90000152587891
38545,0,2,72.950000762939453
56948,1,1,17.950000762939453
69012,12,1,17.950000762939453
85061,4,3,124.44000244140625
17302,4,2,42.979999542236328
17380,19,1,17.989999771118164
44040,2,2,167.98999977111816
71261,27,1,17.989999771118164
93984,19,1,17.989999771118164
2968,9,1,18.0
10844,20,2,57.9900016784668
28815,0,1,18.0
31527,28,1,18.0
39532,9,1,18.0
59134,17,3,108.13999938964844
75472,2,2,37.989999771118164
77044,21,1,18.0
81392,18,1,18.0
91554,2,2,78.0
91903,26,1,18.0
98319,22,1,18.0
64138,26,1,18.020000457763672
47977,6,1,18.350000381469727
74308,13,2,48.340000152587891
43996,6,1,18.5
58763,23,2,46.520000457763672
66129,1,1,18.559999465942383
12504,0,3,217.56999588012695
14746,6,1,18.75
28107,1,2,40.770000457763672
16417,22,1,18.829999923706051
53992,2,2,148.850004196167
30100,18,1,18.979999542236328
4041,21,1,18.989999771118164
14458,26,2,53.980001449584961
27224,24,1,18.989999771118164
33064,2,1,18.989999771118164
35377,0,1,18.989999771118164
38482,21,1,18.989999771118164
50883,14,3,140.96999740600586
62462,19,2,68.489999771118164
76467,27,1,18.989999771118164
81336,17,2,168.98000526428223
90974,21,1,18.989999771118164
23654,4,2,54.959999084472656
5482,19,1,19.5
12798,16,2,45.5
36205,3,1,19.5
38100,6,4,152.45000076293945
42046,3,1,19.5
95693,4,1,19.5
91982,8,1,19.600000381469727
19330,8,1,19.790000915527344
69336,16,2,44.899999618530273
20129,6,1,19.950000762939453
27710,11,4,112.17000007629395
42502,0,2,57.860000610351555
45047,12,1,19.950000762939453
87461,5,1,19.950000762939453
20411,21,4,122.93999862670898
67339,20,1,19.979999542236328
4248,21,3,176.56000709533691
7601,17,5,326.40999794006348
8723,21,2,68.519998550415039
12997,13,1,19.989999771118164
13525,22,2,64.980001449584961
18405,23,1,19.989999771118164
20704,28,1,19.989999771118164
23141,22,2,145.9799976348877
23185,17,3,119.94000053405762
23490,4,2,89.9799976348877
29639,20,3,92.139999389648438
33948,12,1,19.989999771118164
38579,5,2,55.980001449584961
45454,11,1,19.989999771118164
53400,20,4,197.96000480651855
65389,22,2,168.98999977111816
66029,10,2,67.989999771118164
78041,5,2,123.98999977111816
78084,9,2,50.389999389648438
87966,19,1,19.989999771118164
94826,21,4,220.4799976348877
98012,13,1,19.989999771118164
2750,16,2,54.0
5621,15,4,220.0
28902,25,2,50.0
33784,16,1,20.0
45106,27,1,20.0
45169,3,1,20.0
47998,11,1,20.0
65044,21,1,20.0
80088,18,1,20.0
95859,0,2,119.0
98054,24,2,56.9900016784668
56810,18,1,20.209999084472656
11876,6,1,20.360000610351559
45741,25,1,20.450000762939453
87114,14,3,171.47000503540039
83929,26,1,20.899999618530277
2167,13,3,92.94000244140625
44979,17,1,20.950000762939453
98858,3,2,119.45000076293945
39633,0,3,95.969999313354492
44309,26,4,205.67000007629395
48212,6,4,217.95999717712402
51111,11,4,273.98999977111816
61275,8,2,45.989999771118164
84617,2,1,21.0
97850,7,2,48.920000076293945
20616,29,1,21.180000305175781
27027,27,1,21.5
30042,21,4,473.57000732421875
91213,0,2,89.950000762939453
16133,8,1,21.989999771118164
43416,11,1,21.989999771118164
72240,18,1,21.989999771118164
1142,9,1,22.0
1763,5,2,72.0
3008,0,2,61.9900016784668
7754,12,1,22.0
9229,10,1,22.0
11236,1,1,22.0
21111,11,4,134.18000030517578
22953,15,2,46.950000762939453
24310,16,1,22.0
43189,28,1,22.0
45299,10,1,22.0
50916,18,4,217.07999610900879
63119,2,2,217.0
63783,0,1,22.0
67571,20,2,61.950000762939446
72781,13,2,75.3499984741211
81376,22,2,141.98999786376953
37168,28,1,22.020000457763672
77718,23,2,58.209999084472656
97385,28,1,22.209999084472656
75453,10,4,146.3700008392334
24631,2,1,22.5
54203,17,4,148.89999771118164
98510,27,1,22.540000915527344
95836,2,2,62.280000686645508
47408,5,1,22.930000305175781
31968,16,2,47.900001525878906
35434,3,2,72.450000762939453
85527,28,1,22.950000762939453
94599,6,2,50.950000762939453
8939,29,1,22.989999771118164
10476,22,1,22.989999771118164
47884,13,1,22.989999771118164
61184,4,1,22.989999771118164
72968,25,1,23.0
27515,20,2,55.520002365112305
59909,21,2,97.3499984741211
55659,16,4,302.39999771118164
41320,14,1,23.819999694824215
52962,1,2,146.8899974822998
57755,11,1,23.899999618530277
7543,10,1,23.950000762939453
9492,12,4,182.84999847412109
62707,29,2,133.93999862670898
66414,19,1,23.950000762939453
95297,20,4,161.8900032043457
7352,9,2,271.98999977111816
7418,19,1,23.989999771118164
39186,12,2,148.98999977111816
52451,15,2,53.239999771118164
62610,2,4,213.07999992370605
71766,17,1,23.989999771118164
94450,6,1,23.989999771118164
2581,1,1,24.0
3225,25,3,194.0
13332,13,1,24.0
14700,26,4,256.94999694824219
16802,22,2,56.450000762939453
27424,10,3,174.20000076293945
28450,0,2,103.98999786376953
32927,20,1,24.0
38907,10,1,24.0
41513,20,1,24.0
42617,0,1,24.0
48467,21,1,24.0
53360,29,1,24.0
68629,9,1,24.0
95904,12,1,24.0
90867,11,1,24.030000686645508
65700,10,4,122.6100025177002
78056,0,3,108.65999984741211
13768,28,1,24.409999847412109
76556,28,1,24.440000534057617
20478,27,1,24.5
63342,12,2,122.5
59752,3,3,126.58000373840332
77721,15,2,52.19999885559082
65377,24,1,24.909999847412109
13073,3,1,24.950000762939453
31413,23,2,149.95000076293945
34050,4,1,24.950000762939453
70963,10,1,24.950000762939453
82916,15,2,63.450000762939453
29184,15,1,24.979999542236328
40114,5,1,24.979999542236328
4241,25,4,162.95000267028809
5040,27,2,61.839998245239251
24908,6,1,24.989999771118164
26742,3,1,24.989999771118164
28978,8,1,24.989999771118164
40644,16,1,24.989999771118164
42167,22,2,53.989999771118164
71421,29,1,24.989999771118164
76524,12,2,49.989999771118164
77521,11,2,64.980001449584961
85376,28,2,56.989999771118164
86923,26,2,84.980001449584961
97710,0,1,24.989999771118164
13,11,1,25.0
3559,13,1,25.0
4185,12,4,317.90000534057617
4280,23,1,25.0
4969,7,1,25.0
5485,8,1,25.0
5615,14,1,25.0
5787,0,1,25.0
7610,22,2,64.450000762939453
8164,23,1,25.0
11053,1,1,25.0
11216,4,1,25.0
11526,21,2,69.450000762939453
12650,9,4,143.47000122070312
16651,26,1,25.0
17533,15,1,25.0
18980,27,1,25.0
21104,12,2,114.0
22905,25,1,25.0
23422,25,1,25.0
24938,8,2,74.0
25511,1,2,107.0
29888,15,1,25.0
30924,22,1,25.0
30963,23,1,25.0
31354,0,3,159.59999847412109
31605,16,1,25.0
38287,18,2,223.0
39517,25,1,25.0
41113,26,3,189.0
42520,28,1,25.0
43255,27,1,25.0
43817,25,3,99.9900016784668
44337,6,1,25.0
48052,3,2,125.0
48577,26,2,153.0
55409,3,2,124.0
59109,8,1,25.0
59513,1,1,25.0
60617,15,3,148.94999694824219
63349,22,2,177.30000305175781
64364,0,3,153.95000076293945
64785,17,2,155.0
65978,13,1,25.0
68312,0,2,112.48999786376953
71003,7,1,25.0
73793,18,1,25.0
77609,13,2,64.0
77672,6,3,184.44999694824219
80459,19,2,54.989999771118164
82563,28,1,25.0
82777,21,1,25.0
84536,25,1,25.0
85682,21,2,325.0
88502,2,1,25.0
88707,2,1,25.0
88737,3,1,25.0
89207,26,1,25.0
89599,8,1,25.0
91968,29,1,25.0
92624,0,1,25.0
92781,22,2,86.9000015258789
92904,19,1,25.0
94980,24,1,25.0
96137,10,1,25.0
96750,0,3,115.40000152587891
97274,7,1,25.0
97976,14,3,103.9900016784668
13109,0,1,25.5
61272,11,2,122.59999847412109
83707,17,3,345.80000305175781
92179,21,2,66.0999984741211
2036,27,1,25.600000381469727
18719,8,1,25.600000381469727
6210,15,1,25.989999771118164
81491,10,1,25.989999771118164
6997,13,1,26.0
30006,8,1,26.0
35453,6,3,185.48999786376953
41692,19,1,26.0
45413,12,1,26.0
50353,25,1,26.0
64735,23,2,255.0
95849,0,1,26.0
21228,18,1,26.1299991607666
73522,2,2,68.8799991607666
14222,22,3,243.11000061035156
61584,23,1,26.239999771118164
39199,18,1,26.299999237060547
78353,19,1,26.399999618530277
50976,0,1,26.479999542236328
52586,7,1,26.5
87148,22,1,26.670000076293945
11359,0,1,26.690000534057617
94299,0,1,26.8799991607666
2118,19,1,26.950000762939453
48275,0,4,399.16999626159668
79811,14,4,175.1299991607666
82050,29,1,26.969999313354489
32409,9,4,263.97999954223633
4977,4,1,26.989999771118164
16302,14,1,26.989999771118164
30986,18,1,26.989999771118164
50153,10,1,26.989999771118164
55634,5,1,26.989999771118164
59178,2,1,26.989999771118164
61034,3,2,72.980001449584961
84107,22,3,240.43999671936035
1151,3,1,27.0
35521,15,1,27.0
43600,13,1,27.0
46278,27,1,27.0
62203,28,1,27.0
95715,4,1,27.0
49336,26,1,27.299999237060547
6462,7,1,27.899999618530277
3494,24,1,27.940000534057617
57017,14,1,27.940000534057617
44677,14,2,455.95000076293945
45245,14,1,27.950000762939453
67841,13,1,27.950000762939453
87378,22,1,27.950000762939453
36500,17,1,27.979999542236328
1355,19,2,91.980001449584961
2469,19,3,202.98999977111816
12721,6,1,27.989999771118164
15115,17,1,27.989999771118164
24857,22,2,107.9799976348877
52279,25,1,27.989999771118164
86453,0,1,27.989999771118164
90829,24,1,27.989999771118164
96098,24,1,27.989999771118164
4989,5,1,28.0
6309,15,1,28.0
6793,11,2,67.950000762939453
10899,16,1,28.0
46976,21,1,28.0
53837,17,1,28.0
57797,5,1,28.0
61770,18,1,28.0
77784,1,2,67.9900016784668
80266,7,1,28.0
84334,5,1,28.0
89714,0,2,127.0
90959,18,1,28.0
21814,23,2,68.310001373291016
58226,0,1,28.319999694824215
44662,19,2,57.409999847412109
64359,21,1,28.5
70235,22,1,28.5
21756,18,1,28.709999084472656
44204,18,3,181.45000076293945
51126,12,4,197.85000228881836
78458,7,2,72.9000015258789
63066,20,1,28.989999771118164
82149,16,1,28.989999771118164
17966,0,2,94.0
97864,6,1,29.0
98332,8,1,29.0
52989,19,1,29.319999694824215
31051,1,1,29.409999847412109
7200,14,3,126.63999938964844
21384,24,1,29.5
99101,22,1,29.680000305175781
13141,6,1,29.840000152587887
2301,13,2,66.89000129699707
83816,27,1,29.899999618530277
84739,20,1,29.899999618530277
3993,1,2,59.940000534057617
15153,26,1,29.950000762939453
25979,29,1,29.950000762939453
36955,2,1,29.950000762939453
61411,18,2,76.94000244140625
65877,16,1,29.950000762939453
74900,5,1,29.950000762939453
82811,21,1,29.950000762939453
89461,29,2,311.95000076293945
55064,9,1,29.979999542236328
84120,0,1,29.979999542236328
3331,10,2,244.98999977111816
4819,8,1,29.989999771118164
6243,14,4,220.93999671936035
12261,0,1,29.989999771118164
12579,20,1,29.989999771118164
14428,0,1,29.989999771118164
20443,22,1,29.989999771118164
21418,22,1,29.989999771118164
23884,28,1,29.989999771118164
27016,19,1,29.989999771118164
29686,7,1,29.989999771118164
30426,0,1,29.989999771118164
35121,7,2,91.989999771118164
47116,28,1,29.989999771118164
47249,1,1,29.989999771118164
50022,12,2,113.39000129699707
59215,9,2,109.9799976348877
67734,1,1,29.989999771118164
68652,5,1,29.989999771118164
72734,8,2,74.489999771118164
75979,24,1,29.989999771118164
76725,21,3,178.3799991607666
77841,17,1,29.989999771118164
78823,20,1,29.989999771118164
82195,21,1,29.989999771118164
86490,25,1,29.989999771118164
87777,26,1,29.989999771118164
95242,16,1,29.989999771118164
28808,12,1,30.0
29096,13,2,79.9900016784668
30803,18,2,79.0
39703,5,1,30.0
44142,22,2,124.98999786376952
44350,23,1,30.0
47034,10,2,99.0
48347,4,1,30.0
53797,24,1,30.0
69216,16,2,79.5
74174,17,2,125.98999786376952
80898,19,1,30.0
83224,5,1,30.0
89735,21,1,30.0
93922,16,1,30.0
42340,14,1,30.090000152587887
85849,10,1,30.399999618530277
38032,14,2,120.47999954223633
47263,9,1,30.850000381469727
56174,23,1,30.889999389648441
56926,15,3,118.93000030517578
14849,21,1,30.989999771118164
82851,1,1,30.989999771118164
27513,3,1,31.0
61679,11,1,31.0
96386,7,1,31.149999618530277
29908,29,1,31.360000610351559
48773,2,1,31.489999771118164
84756,4,1,31.5
5728,24,1,31.770000457763672
46663,19,1,31.950000762939453
47048,6,4,311.45000076293945
54900,22,1,31.950000762939453
73262,27,1,31.979999542236328
96557,10,1,31.979999542236328
3088,28,2,76.989999771118164
13901,17,1,31.989999771118164
70894,20,2,106.98999977111816
22551,4,1,32.0
29965,12,4,255.9900016784668
48562,29,1,32.0
50362,27,1,32.0
51442,5,1,32.0
70828,5,1,32.0
78150,22,1,32.450000762939453
69423,21,4,253.48000335693359
90884,3,1,32.889999389648438
70860,9,1,32.900001525878906
14024,28,1,32.950000762939453
19995,0,4,212.90000152587891
16760,0,2,250.9900016784668
50192,3,1,32.9900016784668
59492,14,3,180.46999740600586
96141,5,1,32.9900016784668
3078,7,3,146.88000106811523
93675,19,2,121.0
95743,5,1,33.0
75534,14,2,73.700000762939453
1465,1,3,108.86000061035156
72220,12,1,33.9900016784668
4505,22,1,34.0
24338,14,1,34.0
39465,15,3,121.06000137329102
54763,24,1,34.0
59510,3,1,34.0
76239,9,1,34.0
80219,21,4,258.95000076293945
81143,16,1,34.0
83100,17,2,73.9900016784668
53098,16,1,34.150001525878906
11162,9,2,164.22000503540039
28446,9,4,257.2599983215332
2125,10,2,83.909999847412109
23742,23,2,79.5
63488,1,1,34.5
31503,0,2,74.700000762939453
70924,14,1,34.900001525878906
739,18,1,34.950000762939453
2670,13,1,34.950000762939453
3412,1,1,34.950000762939453
86520,1,1,34.950000762939453
98147,15,2,84.9000015258789
81050,21,1,34.970001220703125
11931,19,2,103.97999954223633
57159,29,1,34.979999542236328
22180,16,2,71.970001220703125
36035,0,1,34.9900016784668
54302,9,1,34.9900016784668
60987,0,1,34.9900016784668
71854,4,3,139.48000335693359
73300,6,1,34.9900016784668
75265,19,1,34.9900016784668
86510,26,4,401.96999740600586
16636,0,1,35.0
27024,14,1,35.0
40882,0,2,94.0
43307,1,1,35.0
46513,9,1,35.0
48997,0,1,35.0
63169,16,1,35.0
84706,4,1,35.0
99924,0,1,35.0
28493,26,1,35.090000152587891
35975,24,1,35.200000762939453
67279,6,1,35.2599983215332
42635,4,1,35.5
97022,17,2,80.720001220703125
58894,13,4,197.76000213623047
86443,0,2,335.77000045776367
84310,26,3,163.09999847412109
40452,1,1,35.840000152587891
10158,1,1,35.959999084472656
70077,10,1,35.9900016784668
8190,5,2,83.9900016784668
42710,2,2,174.0
51356,15,1,36.0
62756,0,1,36.0
67280,20,3,223.9900016784668
74136,13,1,36.0
77308,20,1,36.0
26911,6,1,36.2400016784668
438,9,1,36.400001525878906
44701,2,2,101.5
18687,9,1,36.75
60000,1,1,36.75
32334,29,1,36.939998626708977
25681,9,3,142.56000137329102
28915,5,2,90.950000762939453
34895,19,1,36.950000762939446
43866,3,1,36.950000762939446
52582,12,1,36.950000762939446
77477,6,1,36.950000762939446
14484,4,4,250.56999969482422
13393,12,1,36.979999542236328
395,0,4,241.93000030517578
12382,0,1,36.9900016784668
21888,6,1,36.9900016784668
23911,2,2,134.9900016784668
31010,0,3,145.65999984741211
41891,22,1,36.9900016784668
7018,16,3,276.95000076293945
60080,8,1,37.0
54992,24,1,37.130001068115234
53374,3,2,92.2599983215332
24699,7,1,37.360000610351562
1776,9,3,211.72999954223633
23898,29,1,37.7400016784668
79183,21,1,37.950000762939446
93003,28,1,37.950000762939446
22397,0,2,87.4900016784668
31797,9,1,37.9900016784668
36570,10,2,102.9900016784668
38691,20,1,37.9900016784668
51797,5,1,37.9900016784668
91415,8,1,37.9900016784668
1693,19,2,113.0
5069,12,1,38.0
8420,10,1,38.0
12376,25,2,77.5
27475,2,1,38.0
47080,23,1,38.0
50029,16,1,38.0
56018,14,1,38.0
87235,2,1,38.0
98119,19,1,38.189998626708977
2606,0,2,93.450000762939453
71110,10,2,83.280002593994141
40581,13,3,126.94000244140625
6498,28,2,78.9900016784668
47958,20,2,128.98999786376953
51073,6,1,39.0
58958,13,1,39.0
81792,3,1,39.0
81836,18,1,39.0
99760,6,1,39.0
43547,12,4,204.38000106811523
8301,12,1,39.5
12781,4,2,107.5
28732,26,1,39.5
35658,11,1,39.5
49325,10,1,39.5
60757,6,1,39.5
63241,21,1,39.5
69856,0,1,39.5
96402,18,2,95.5
92429,1,1,39.580001831054688
93230,7,1,39.889999389648438
4732,27,2,130.63000106811523
60952,18,2,155.93999862670896
73616,25,1,39.950000762939446
83678,0,1,39.950000762939446
47138,15,1,39.979999542236328
73897,14,1,39.979999542236328
3101,7,2,208.96999740600586
3825,2,1,39.9900016784668
7412,15,2,107.9900016784668
12394,21,1,39.9900016784668
12556,22,1,39.9900016784668
22275,3,1,39.9900016784668
23847,9,1,39.9900016784668
27360,15,1,39.9900016784668
48127,8,1,39.9900016784668
52020,8,1,39.9900016784668
59452,4,1,39.9900016784668
59835,4,1,39.9900016784668
77482,0,1,39.9900016784668
80635,21,1,39.9900016784668
81306,12,1,39.9900016784668
83062,2,2,149.97999954223633
85070,22,1,39.9900016784668
87965,5,1,39.9900016784668
95164,29,1,39.9900016784668
1077,16,1,40.0
11632,20,4,240.98999786376953
14863,11,1,40.0
16687,29,1,40.0
41887,28,1,40.0
54289,29,1,40.0
56928,4,1,40.0
58879,0,1,40.0
65752,9,1,40.0
67616,12,1,40.0
69593,9,1,40.0
71280,11,1,40.0
76709,15,4,336.69999694824219
77479,5,1,40.0
87699,26,1,40.0
99070,25,1,40.0
21942,8,1,40.0099983215332
39764,3,1,40.1599998474121
24117,28,1,40.599998474121087
55033,27,1,40.75
76875,19,1,40.830001831054688
11758,0,2,165.9900016784668
88568,9,1,41.25
64541,19,1,41.419998168945312
7158,17,2,83.459999084472656
10628,10,1,41.700000762939446
37225,21,2,95.950000762939453
7834,19,1,41.959999084472656
9834,2,1,41.9900016784668
60322,18,1,41.9900016784668
91245,28,1,41.9900016784668
95313,23,1,41.9900016784668
97002,15,1,41.9900016784668
13786,15,1,42.0
20850,2,2,149.16000366210938
25164,13,2,161.94999694824219
51947,23,1,42.0
69175,16,1,42.0
84914,13,1,42.0
48777,7,1,42.099998474121087
12071,6,1,42.220001220703125
91796,18,1,42.380001068115234
69097,29,1,42.430000305175774
99557,21,1,42.439998626708977
70051,3,1,42.5
91892,20,2,177.97999954223633
8092,26,1,42.9900016784668
44285,5,1,42.9900016784668
57879,0,1,42.9900016784668
60363,5,2,88.44000244140625
63867,22,1,42.9900016784668
67533,17,1,42.9900016784668
87663,16,2,187.9900016784668
87580,0,1,43.790000915527344
74091,1,1,43.959999084472656
35928,16,1,43.9900016784668
32926,11,1,44.0
36304,17,1,44.0
37345,8,1,44.0
49691,12,1,44.0
55777,4,1,44.0
59871,18,1,44.0
65361,26,1,44.0
85896,28,1,44.0
92187,25,2,123.0
92818,21,1,44.0
82287,22,1,44.270000457763672
1957,27,2,240.64999389648438
49967,10,1,44.5
91616,0,1,44.5
45678,5,1,44.5099983215332
88489,13,2,248.50000381469729
7121,12,2,91.770000457763672
18041,4,2,104.87000274658203
24032,5,1,44.939998626708977
9429,27,3,230.92000198364258
15798,19,1,44.9900016784668
15854,5,2,102.9900016784668
32353,23,1,44.9900016784668
32761,7,2,114.4900016784668
43614,3,1,44.9900016784668
56617,8,1,44.9900016784668
59863,0,1,44.9900016784668
60027,9,1,44.9900016784668
66210,6,1,44.9900016784668
80057,4,2,104.87000274658203
83628,12,1,44.9900016784668
88901,28,1,44.9900016784668
13320,23,1,45.0
14011,20,1,45.0
15516,6,1,45.0
15935,3,1,45.0
54853,17,2,195.0
72748,14,3,274.89999771118164
73823,20,1,45.0
84774,15,1,45.0
98267,12,1,45.0
99312,1,2,294.99000549316406
29115,11,1,45.790000915527344
30048,12,1,45.9900016784668
71905,5,1,45.9900016784668
3279,10,4,328.02000045776367
40252,6,1,46.0
86276,6,1,46.0
91679,2,1,46.0
49465,28,1,46.049999237060554
19116,23,1,46.450000762939446
81048,26,1,46.7599983215332
63425,10,1,46.950000762939446
58629,7,1,47.069999694824219
13094,8,1,47.169998168945312
82733,20,1,47.169998168945312
36986,0,2,97.450000762939453
21380,14,2,104.69000244140625
32557,2,1,47.9900016784668
68766,6,1,47.9900016784668
80107,5,2,107.9900016784668
90776,4,1,47.9900016784668
11470,0,1,48.0
36110,2,1,48.0
71910,8,1,48.0
89576,18,3,201.0
93510,20,1,48.0
62727,11,1,48.529998779296882
20907,7,1,48.590000152587891
77191,0,1,48.590000152587891
83597,3,1,48.599998474121087
7204,12,1,48.930000305175774
37662,22,2,196.95000076293945
39251,14,1,48.9900016784668
61143,4,1,48.9900016784668
12546,26,1,49.0
23204,13,1,49.0
62013,10,1,49.0
80693,12,1,49.0
86659,25,2,114.0
87367,0,1,49.0
87661,13,1,49.0
10475,25,1,49.5
11246,17,1,49.5
19143,7,1,49.5
20578,7,1,49.5
31013,2,2,118.04000091552734
31970,1,1,49.5
35865,10,1,49.5
38410,28,1,49.5
45573,20,1,49.5
48150,11,1,49.5
52661,23,1,49.5
62683,1,1,49.5
71912,14,2,156.45999908447266
84935,4,1,49.5
91163,6,2,109.5
92843,1,1,49.5
95539,0,1,49.5
97135,0,1,49.5
46008,2,1,49.900001525878906
1391,16,1,49.950000762939446
36544,6,1,49.950000762939446
56625,9,1,49.950000762939446
71989,0,1,49.950000762939446
1825,4,4,297.96000289916992
12626,25,1,49.9900016784668
13860,2,1,49.9900016784668
22631,16,1,49.9900016784668
25129,14,2,174.9900016784668
38946,5,1,49.9900016784668
41755,15,1,49.9900016784668
47216,0,2,111.94000244140625
67756,12,1,49.9900016784668
82691,3,1,49.9900016784668
85783,2,1,49.9900016784668
90583,22,2,168.9900016784668
99423,12,1,49.9900016784668
8188,19,2,101.86999893188477
30981,0,1,50.0
45495,17,1,50.0
52421,7,1,50.0
74487,5,1,50.0
88910,8,1,50.0
66548,18,2,105.18999862670898
87356,25,2,105.75
49970,3,1,51.950000762939446
96050,5,1,51.950000762939446
48307,26,2,116.94999694824219
75492,8,1,51.959999084472656
34717,27,1,51.9900016784668
9933,26,1,52.0
15480,16,1,52.0
24659,16,1,52.0
55355,4,1,52.0
62424,23,1,52.0
81139,25,1,52.130001068115234
5312,16,1,52.200000762939446
81822,12,1,52.9900016784668
91010,3,1,52.9900016784668
4765,9,2,137.5
55782,7,1,53.9900016784668
13504,4,1,54.0
14138,16,1,54.0
25210,14,1,54.0
29081,17,1,54.0
35966,15,2,212.0
41225,23,1,54.0
50316,0,1,54.0
55975,15,1,54.0
80607,23,1,54.0
82904,7,2,119.0
84067,21,2,123.5
91136,11,1,54.0
91446,19,1,54.0
93476,14,1,54.0
43704,1,1,54.439998626708977
92242,18,1,54.450000762939446
56842,0,1,54.5
57959,11,1,54.5
99909,27,1,54.5
96312,6,1,54.540000915527344
41083,29,1,54.599998474121087
75739,5,1,54.689998626708977
71620,10,2,144.34000015258789
953,16,1,54.930000305175774
5769,14,1,54.950000762939446
79428,8,1,54.950000762939446
84816,0,1,54.950000762939446
93662,20,1,54.950000762939446
12941,26,1,54.9900016784668
33986,13,1,54.9900016784668
82908,8,1,54.9900016784668
276,27,1,55.0
17507,9,1,55.0
23172,1,2,120.0
25224,27,2,306.3699951171875
27004,25,1,55.0
30552,6,1,55.0
46096,15,1,55.0
50155,13,1,55.0
53996,7,1,55.0
55567,0,1,55.0
61116,21,1,55.0
72845,0,1,55.0
79661,3,4,472.50999450683594
88950,25,1,55.0
90480,25,1,55.0
91546,6,1,55.0
93351,12,1,55.0
94883,29,1,55.0
9210,3,1,55.4900016784668
54789,0,1,55.4900016784668
83113,0,1,55.569999694824219
5400,15,1,56.0
7638,22,1,56.0
16878,26,2,132.02000045776367
36143,27,1,56.979999542236328
87935,15,2,147.0
23689,0,4,357.61000442504883
28083,15,1,58.0
48692,20,1,58.0
56721,5,2,266.0
59028,22,1,58.0
62745,24,1,58.0
75367,3,1,58.0
22871,18,1,58.299999237060554
87666,29,1,58.450000762939446
97678,4,1,58.9900016784668
9606,3,1,59.0
10371,0,1,59.0
15727,13,1,59.0
18887,10,1,59.0
19058,7,1,59.0
23617,6,1,59.0
33685,11,2,187.0
52656,25,2,170.98999786376953
61708,4,1,59.0
54079,18,3,308.79000091552734
33290,12,2,229.44000625610352
5448,3,2,177.0
15298,13,2,131.73000335693359
36468,4,1,59.5
39283,12,1,59.5
75740,19,1,59.5
76933,26,1,59.5
83518,18,1,59.5
91462,0,2,455.5
93781,4,1,59.5
96073,22,1,59.5
2148,25,4,355.95000076293945
59967,24,1,59.950000762939446
71232,2,1,59.950000762939446
79318,14,1,59.950000762939446
3312,9,3,247.9900016784668
6278,7,1,59.9900016784668
31727,8,1,59.9900016784668
44310,24,1,59.9900016784668
60856,22,1,59.9900016784668
86212,5,1,59.9900016784668
87054,0,1,59.9900016784668
98283,12,1,59.9900016784668
6417,6,1,60.0
11640,8,1,60.0
14415,2,1,60.0
18731,29,1,60.0
20454,8,1,60.0
23383,16,1,60.0
25500,17,2,149.98999786376953
29649,18,1,60.0
46518,1,2,159.94999694824219
69478,3,1,60.0
77437,7,1,60.0
98803,28,1,60.0
80694,13,2,148.09999847412109
19955,15,1,60.330001831054688
94746,15,1,60.919998168945312
85610,25,1,60.9900016784668
99878,8,3,1059.5499992370605
18652,1,1,62.0
52567,3,1,62.0
54937,10,1,62.0
82751,0,1,62.0
93162,19,2,227.53999328613281
39597,17,1,62.650001525878906
51669,6,1,62.840000152587891
23238,18,1,62.9900016784668
92965,27,1,63.0
61739,22,1,63.9900016784668
75262,7,2,153.90000534057617
77290,26,1,63.9900016784668
51551,2,1,64.0
81715,17,2,153.0
21130,12,1,64.5
57783,26,1,64.629997253417969
68402,7,2,142.93000030517578
23122,12,1,64.949996948242188
39439,0,1,64.949996948242188
58652,1,1,64.949996948242188
89572,14,1,64.949996948242188
34222,28,1,64.989997863769531
95294,0,1,64.989997863769531
4655,12,1,65.0
13160,20,1,65.0
16268,0,1,65.0
29877,8,1,65.0
95215,3,1,65.0
30045,2,2,205.16000366210938
19492,28,1,65.4000015258789
43675,25,1,66.0
32461,2,1,66.050003051757812
52689,7,1,66.279998779296875
14860,3,1,66.5999984741211
91354,2,1,67.44000244140625
48555,11,1,67.989997863769531
86314,4,2,157.48999786376953
25486,11,1,68.0
50650,9,1,68.0
56969,23,1,68.0
74276,19,1,68.0
76687,19,1,68.0
79970,12,1,68.0
96270,0,1,68.0
97222,17,2,207.99000549316406
73941,0,1,68.5999984741211
17698,12,1,69.0
23084,29,1,69.0
24352,0,1,69.0
56141,19,1,69.0
57330,23,1,69.0
59921,1,1,69.0
71667,15,2,198.0
72692,6,1,69.0
77478,25,1,69.0
33115,8,1,69.449996948242188
63203,23,1,69.449996948242188
8240,19,1,69.5
31315,28,1,69.5
33022,4,1,69.5
43360,0,1,69.5
54632,4,2,154.5
56056,0,2,227.5
60189,19,1,69.5
61290,22,1,69.5
67951,20,1,69.5
91031,6,1,69.5
94261,6,1,69.5
29626,12,1,69.830001831054688
80970,14,1,69.9000015258789
11706,11,1,69.949996948242188
15662,3,1,69.949996948242188
76844,3,2,151.93999481201172
96032,1,1,69.949996948242188
24920,16,1,69.9800033569336
71212,3,2,159.48000335693359
21157,4,1,69.989997863769531
36711,15,1,69.989997863769531
78781,7,1,69.989997863769531
87470,13,2,444.98999786376953
99675,17,1,69.989997863769531
4990,0,1,70.0
65423,5,1,70.0
7038,17,1,72.0
43245,24,1,72.0
47115,18,1,72.0
43947,13,1,72.489997863769531
61336,2,1,74.0
57063,7,1,74.25
95546,21,1,74.5
32990,20,1,74.930000305175781
94536,19,1,74.989997863769531
28115,29,1,75.0
40862,15,1,75.0
46793,4,2,223.99000549316406
74503,8,1,75.0
78102,5,1,75.0
81739,10,1,75.0
93145,9,1,75.0
39171,0,1,75.5999984741211
4915,4,1,76.0
63124,16,2,237.0
80804,28,1,77.0
86410,8,2,186.69999694824219
94844,3,1,77.989997863769531
12091,9,1,78.0
16215,2,1,78.0
18123,29,1,78.0
22059,0,2,528.0
55937,0,1,78.0
56038,7,1,78.0
74020,0,1,78.0
90645,20,1,78.0
46610,12,1,78.9800033569336
1232,21,1,79.0
20167,29,1,79.0
26064,17,1,79.0
34198,9,1,79.0
42361,3,1,79.0
70869,17,1,79.0
71295,8,1,79.0
97095,15,1,79.0
10699,10,1,79.279998779296861
6930,20,1,79.5
58314,0,1,79.5
72372,3,1,79.5
18369,8,1,79.949996948242173
56424,15,1,79.949996948242173
90414,7,1,79.949996948242173
15647,15,1,79.989997863769531
71760,16,1,79.989997863769531
86570,0,1,79.989997863769531
94971,8,1,79.989997863769531
95493,15,1,79.989997863769531
15215,26,1,80.0
69888,25,1,80.0
92981,0,1,80.0
40861,4,1,80.9800033569336
32539,25,1,81.2300033569336
10307,6,1,81.9000015258789
92874,20,1,81.959999084472656
67890,7,1,82.0
4474,19,1,82.9000015258789
66941,23,1,82.949996948242173
15138,7,1,84.209999084472656
83109,17,2,234.5
80211,25,1,85.0
26372,8,2,416.25
44802,12,1,87.0
73098,15,1,87.5
10936,12,1,87.889999389648452
27249,4,1,87.949996948242173
28745,25,1,88.0
47149,4,1,88.0
57518,28,1,88.0
84095,0,1,88.0
85987,26,1,88.0
92885,29,1,88.0
42128,16,1,88.5
6372,10,1,89.0
40531,8,2,188.98999786376953
55921,14,1,89.370002746582031
83459,26,1,89.5
81353,7,1,89.5999984741211
61976,5,1,89.949996948242173
76940,23,1,89.949996948242173
89296,0,1,89.949996948242173
92135,18,1,89.949996948242173
20309,3,1,89.989997863769531
38307,22,1,89.989997863769531
49074,0,1,89.989997863769531
75808,6,1,89.989997863769531
89650,16,1,89.989997863769531
56134,0,2,514.5
89224,12,1,90.0
14740,17,1,90.040000915527344
70533,2,1,91.129997253417969
40394,19,1,91.430000305175781
44462,15,1,91.830001831054688
44118,16,1,92.0
52261,3,2,216.98999786376953
92279,25,1,92.0
38056,4,1,94.0
73543,26,1,94.5
28409,11,1,95.0
58135,7,1,95.040000915527344
10093,6,1,95.989997863769517
40755,10,1,96.0
92168,17,1,96.5
33169,0,1,97.949996948242173
8089,1,1,98.0
17843,17,1,98.0
21740,0,1,98.0
32168,18,1,98.0
59431,16,1,98.0
74111,12,1,98.0
83221,3,1,98.0
11487,15,1,99.0
31383,19,1,99.0
50158,5,1,99.0
55890,18,1,99.0
84904,16,2,198.0
85943,29,1,99.0
96990,5,1,99.0
5217,25,1,99.5
59882,29,1,99.5
44381,25,1,99.75
37311,15,1,99.989997863769517
71189,5,1,100.0
76859,27,1,100.0
58307,27,1,100.81999969482422
40962,14,1,100.98999786376952
14963,23,1,102.91999816894533
96148,2,1,104.0
81111,21,1,104.01000213623048
57325,20,1,104.61000061035156
78112,13,2,384.0
59365,13,1,105.37999725341795
96839,20,1,107.0
79926,2,1,108.54000091552734
78415,20,1,109.0
83199,26,1,109.22000122070312
27814,29,1,109.9499969482422
12100,29,1,109.98999786376952
27643,7,1,109.98999786376952
725,10,1,110.0
11811,15,1,110.0
22018,4,1,110.0
69859,1,1,110.0
35833,17,1,112.5
44532,19,1,112.98999786376952
96281,2,1,114.98999786376952
69733,16,1,115.0
76619,10,1,115.0
79761,12,1,117.18000030517578
93396,20,1,117.5
66929,0,1,118.0
24709,23,1,118.15000152587892
72627,15,1,119.0
91171,25,1,119.0
94154,20,2,288.0
96618,9,1,119.0
66769,27,1,119.37999725341795
174,21,1,119.9499969482422
44708,12,1,119.9499969482422
74007,27,1,119.98000335693359
19543,29,1,119.98999786376952
25770,8,1,119.98999786376952
95064,1,1,119.98999786376952
62509,18,1,120.0
67818,29,1,120.0
23964,10,1,122.5
67716,0,1,122.5
60788,3,1,122.63999938964844
10319,13,1,125.0
33252,24,1,125.0
40082,0,1,125.0
46790,7,1,125.0
47675,27,1,125.0
67474,20,1,125.0
72399,20,1,125.0
13888,1,1,127.51000213623048
40352,14,1,127.51000213623048
49894,8,1,128.0
69512,18,2,278.5
1876,19,1,129.5
89038,3,1,129.5
6984,4,1,129.97999572753906
18441,20,1,129.99000549316406
84153,0,1,129.99000549316406
90115,6,1,129.99000549316406
90280,20,1,129.99000549316406
93166,15,1,129.99000549316406
17202,23,1,130.0
66251,7,1,130.0
92645,4,1,130.0
80700,9,1,132.0
63987,0,1,133.0
92357,10,1,134.00999450683594
96871,9,1,134.99000549316406
36187,21,1,138.75
56505,3,1,139.5
35716,22,2,315.99000549316406
41582,13,1,139.99000549316406
70473,17,1,139.99000549316406
25017,18,1,140.0
49781,0,1,140.0
78460,1,1,140.0
68140,24,1,141.75
25782,7,2,421.0
32817,16,1,145.0
96042,21,1,145.0
82030,15,1,145.52999877929688
92023,4,1,146.0
19768,26,1,147.1300048828125
31149,2,1,147.1300048828125
11058,17,1,147.5
10722,29,1,148.0
49591,10,1,148.0
34730,7,1,148.5
69500,13,1,148.5
2679,14,1,149.0
58937,2,1,149.5
14862,17,1,149.94999694824219
54187,19,1,149.97999572753906
54706,18,1,149.99000549316406
7222,14,1,150.0
50611,15,1,150.0
80626,17,1,150.0
14164,26,1,151.19999694824219
33350,17,1,155.0
22523,11,1,157.5
76888,29,1,157.5
96922,12,1,157.5
12307,12,1,158.0
81967,26,1,159.0
59141,23,1,159.99000549316406
37858,27,1,160.0
44366,21,1,160.0
69229,20,1,160.0
35561,15,1,163.80000305175781
10771,6,1,165.0
86728,7,1,167.0
47287,7,1,167.5
15671,24,1,168.0
34330,20,1,168.0
44864,1,1,168.0
88754,21,1,168.0
94832,15,1,169.94999694824219
75939,24,1,172.0
5937,19,1,172.75
56526,29,1,173.94000244140625
10323,21,1,174.94999694824219
84243,21,1,176.0
6936,16,1,178.0
76308,0,1,178.0
14310,8,1,180.0
36949,28,2,378.0
40360,2,1,180.0
65238,0,1,180.0
80596,9,1,180.0
78952,5,1,185.0
79165,23,1,185.0
29829,18,1,187.6000061035156
58269,2,1,189.0
22697,25,1,193.5
6348,24,1,195.72000122070312
60779,28,1,198.0
56092,27,1,198.94999694824216
67041,5,1,199.99000549316409
74551,16,1,199.99000549316409
12998,15,1,200.0
69272,23,1,201.19999694824216
87245,16,1,201.94999694824216
14412,0,1,204.94999694824216
99267,16,1,207.0
2755,20,1,209.0
26788,29,1,209.0
12152,12,1,219.5
43061,6,1,220.0
38483,29,1,223.97000122070312
41063,12,1,225.0
51118,13,1,225.0
11231,4,1,237.0
15678,1,1,238.97999572753903
15522,2,1,239.94999694824216
40397,28,1,239.99000549316409
86856,16,1,249.0
70632,0,1,249.94999694824216
37050,29,1,254.94999694824216
63442,4,1,259.989990234375
78370,20,1,262.239990234375
73528,6,1,269.5
40528,21,1,280.0
30866,28,1,293.32998657226562
80296,27,1,299.0
60666,21,1,308.0
63455,16,1,320.0
15132,20,1,326.0
35110,29,1,339.0
17207,4,1,352.0
99926,0,1,357.0
10067,2,1,595.0
35836,9,1,600.0
8496,16,1,903.0
57600,18,1,903.0
49032,1,1,999.0